IMDB_ID,TITLE_TW,NICK_NAME,TITLE_EN,DATE_TW,COUNTRY,IMDB_RATING,IMDB_GENRE,IMDB_BUDGET,IMDB_RUNTIME,DIRECTOR,DIRETCOR_OSCAR,DIRECTOR_WINS,DIRECTOR_NOMINATIONS,DIRECTOR_RATINGS,STAR_1,STAR_1_OSCARS,STAR_1_WINS,STAR_1_NOMINATIONS,STAR_1_RATINGS,STAR_2,STAR_2_OSCARS,STAR_2_WINS,STAR_2_NOMINATIONS,STAR_2_RATINGS,STAR_3,STAR_3_OSCARS,STAR_3_WINS,STAR_3_NOMINATIONS,STAR_3_RATINGS,YAHOO_EVALUATION,YAHOO_VOTER,PTT_ARTICLE,PTT_PUSH,PTT_ARROW,PTT_PULL,PTT_REPLY,YOUTUBE_VIEW,YOUTUBE_LIKE,YOUTUBE_DISLIKE
tt2799166,驚字塔,,The Pyramid,2014/12/5,USA,4.6,"Action,Adventure,Horror",6500000,89,Gr矇gory Levasseur,0,0,0,6.325,Ashley Hinshaw,0,0,0,6.25,James Buckley,0,0,3,6.05,Denis O'Hare,0,1,9,7.625,3.7,129,0,0,0,0,0,421945,472,42
tt2446042,即刻救援3,,Taken 3,2015/1/9,"France,USA,Spain",6,"Action,Thriller",48000000,109,Olivier Megaton,0,2,2,6.2,Liam Neeson,0,20,38,7.875,Forest Whitaker,0,55,53,7.75,Maggie Grace,0,1,5,7.35,4.4,429,4,162,39,7,208,561461,1466,40
tt2179136,美國狙擊手,,American Sniper,2015/1/15,USA,7.3,"Action,Biography,Drama",58800000,133,Clint Eastwood,0,141,155,8.15,Bradley Cooper,0,28,62,7.575,Sienna Miller,0,4,19,6.775,Kyle Gallner,0,2,2,6.15,4.6,652,5,55,16,1,72,549946,991,19
tt2562232,鳥人,,Birdman or,2015/1/16,USA,7.8,"Comedy,Drama",18000000,119,Alejandro Gonz獺lez I簽獺rritu,0,114,151,7.7,Michael Keaton,0,64,38,7.625,Zach Galifianakis,0,20,30,7.175,Edward Norton,0,46,77,7.925,4.1,155,14,45,36,3,84,350436,455,14
tt2717822,黑帽駭客,,Blackhat,2015/1/16,USA,5.4,"Crime,Drama,Mystery",70000000,133,Michael Mann,0,17,32,7.725,Chris Hemsworth,0,10,29,7.375,Viola Davis,0,81,107,7.65,Wei Tang,0,15,29,6.625,2.7,175,3,9,7,1,17,181881,198,11
tt3045616,神鬼大盜,,Mortdecai,2015/1/23,"UK,USA",5.5,"Action,Comedy,Crime",60000000,107,David Koepp,0,3,9,7.25,Johnny Depp,0,75,133,7.45,Gwyneth Paltrow,0,22,49,7.675,Ewan McGregor,0,25,42,7.6,3.8,60,1,2,0,0,2,65573,57,2
tt2279373,海綿寶寶：海陸大出擊,,The SpongeBob Movie: Sponge Out of Water,2015/1/30,"USA,South Korea",6,"Animation,Adventure,Comedy",74000000,92,Paul Tibbitt,0,2,3,7.075,Tom Kenny,0,9,23,7.75,Antonio Banderas,0,38,35,7.1,Bill Fagerbakke,0,1,3,7.475,3.9,119,0,0,0,0,0,690830,1589,122
tt2582802,進擊的鼓手,,Whiplash,2015/1/30,USA,8.5,"Drama,Music",3300000,107,Damien Chazelle,0,60,112,7.9,Miles Teller,0,4,21,6.75,J.K. Simmons,0,59,34,7.65,Melissa Benoist,0,2,2,7.2,4.4,153,3,39,48,0,87,243300,388,14
tt1617661,朱比特崛起,,Jupiter Ascending,2015/2/4,"USA,Australia",5.3,"Action,Adventure,Sci-Fi",176000000,127,Lana Wachowski,0,12,23,7.7,Channing Tatum,0,21,56,6.7,Mila Kunis,0,13,54,7.425,Eddie Redmayne,0,21,69,7.45,3.6,232,1,11,5,0,16,342867,438,33
tt3316960,我想念我自己,,Still Alice,2015/2/6,"USA,UK,France",7.5,Drama,5000000,101,Richard Glatzer,0,7,4,6.8,Julianne Moore,0,111,155,7.5,Alec Baldwin,0,43,92,7.925,Kristen Stewart,0,48,60,5.35,4.5,102,2,6,0,0,6,270246,786,24
tt2436386,跨界失控,,Project Almanac,2015/2/6,USA,6.4,"Sci-Fi,Thriller",12000000,106,Dean Israelite,0,3,0,6.175,Amy Landecker,0,0,2,7.2,Sofia Black-D'Elia,0,0,0,6.35,Virginia Gardner,0,0,0,5.8,3.8,97,2,5,4,0,9,268914,589,21
tt2322441,格雷的五十道陰影,,Fifty Shades of Grey,2015/2/13,USA,4.1,"Drama,Romance,Thriller",40000000,125,Sam Taylor-Johnson,0,7,9,5.725,Dakota Johnson,0,8,10,5.425,Jamie Dornan,0,6,6,6.475,Jennifer Ehle,0,4,8,7.45,4.1,541,23,162,75,23,260,2263867,2492,116
tt1911658,馬達加斯加爆走企鵝,,The Penguins of Madagascar,2015/2/13,USA,6.7,"Animation,Adventure,Comedy",132000000,92,Eric Darnell,0,1,3,7.025,Tom McGrath,0,0,9,7.125,Chris Miller,0,0,11,7.025,Christopher Knights,0,0,0,6.95,4.3,118,7,19,7,0,26,421978,971,52
tt2180411,魔法黑森林,,Into the Woods,2015/2/18,"USA,UK,Canada",6,"Adventure,Comedy,Drama",50000000,125,Rob Marshall,0,14,20,6.8,Anna Kendrick,0,14,67,7.075,Meryl Streep,0,166,341,7.275,Chris Pine,0,7,25,7.625,3.5,179,3,11,5,0,16,196204,405,20
tt2084970,模仿遊戲,,The Imitation Game,2015/2/26,"UK,USA",8,"Biography,Drama,History",14000000,114,Morten Tyldum,0,33,17,7.35,Benedict Cumberbatch,0,31,98,7.55,Keira Knightley,0,27,93,7.775,Matthew Goode,0,2,13,7.725,4.8,539,8,39,37,0,76,311201,521,16
tt2381941,決勝焦點,,Focus,2015/2/26,"USA,Argentina",6.6,"Comedy,Crime,Drama",50100000,105,Glenn Ficarra,0,1,6,6.925,Will Smith,0,60,118,7.4,Margot Robbie,0,8,21,6.65,Rodrigo Santoro,0,18,14,7.05,4.2,114,1,5,6,2,13,98101,80,15
tt1823672,成人世界,,Chappie,2015/3/6,"South Africa,USA",6.8,"Action,Crime,Drama",49000000,120,Neill Blomkamp,0,12,34,7.2,Sharlto Copley,0,1,12,7.1,Dev Patel,0,17,33,6.4,Hugh Jackman,0,22,78,7.975,4.3,273,2,44,12,0,56,223519,274,18
tt2199571,一夜狂奔,,Run All Night,2015/3/12,USA,6.6,"Action,Crime,Drama",50000000,114,Jaume Collet-Serra,0,0,4,6.8,Liam Neeson,0,20,38,7.875,Ed Harris,0,27,46,7.75,Joel Kinnaman,0,1,2,6.8,4.5,201,1,5,0,0,5,138879,167,6
tt1661199,仙履奇緣,,Cinderella,2015/3/13,"USA,UK",7,"Drama,Family,Fantasy",95000000,114,Kenneth Branagh,0,30,57,6.85,Lily James,0,3,4,6.6,Cate Blanchett,0,149,184,8.55,Richard Madden,0,0,3,7.775,4.4,211,4,90,23,3,116,130666,242,6
tt2088003,總統遊戲,,Big Game,2015/3/19,"UK,Finland,Germany",5.4,"Action,Adventure",NA,90,Jalmari Helander,0,6,2,6.975,Samuel L. Jackson,0,36,81,8.225,Onni Tommila,0,0,1,6.625,Ray Stevenson,0,0,1,6.9,3.9,92,0,0,0,0,0,143062,202,6
tt2908446,分歧者2：叛亂者,,Insurgent,2015/3/20,USA,6.3,"Action,Adventure,Sci-Fi",110000000,119,Robert Schwentke,0,3,3,6.7,Shailene Woodley,0,33,65,6.7,Ansel Elgort,0,9,9,7.15,Theo James,0,3,7,6.275,4.3,423,5,89,52,10,151,384832,522,24
tt2338151,來自星星的傻瓜,,PK,2015/3/20,India,8.2,"Comedy,Drama,Fantasy",NA,153,Rajkumar Hirani,0,25,15,8.225,Aamir Khan,0,26,41,8.35,Anushka Sharma,0,7,17,7.325,Sanjay Dutt,0,12,19,7.825,4.6,227,0,0,0,0,0,382230,517,20
tt2224026,好家在一起,,Home,2015/3/27,USA,6.7,"Animation,Adventure,Comedy",135000000,94,Tim Johnson,0,6,2,6.675,Jim Parsons,0,20,61,7.575,Rihanna,0,24,66,7.35,Steve Martin,0,22,34,6.8,4.2,89,4,6,2,2,10,1090861,628,37
tt2820852,玩命關頭7,,Furious Seven,2015/4/1,"USA,Japan",7.2,"Action,Crime,Thriller",190000000,137,James Wan,0,14,11,6.975,Vin Diesel,0,7,32,6.85,Paul Walker,0,7,11,6.725,Dwayne Johnson,0,9,43,6.65,4.7,2068,16,287,107,21,415,1988553,7018,126
tt2404425,名畫的控訴,,Woman in Gold,2015/4/10,UK,7.3,"Biography,Drama,History",11000000,109,Simon Curtis,0,3,16,7.325,Helen Mirren,0,119,122,7.2,Ryan Reynolds,0,16,42,6.825,Daniel Br羹hl,0,21,26,8.05,4.6,117,0,0,0,0,0,220343,24,2
tt4484426?,念念,,Nian nian,2015/4/10,"Hong Kong,Taiwan",6.4,Drama,NA,119,Sylvia Chang,0,14,35,6.95,Isabella Leong,0,2,6,6.225,Lawrence Ko,0,2,3,7.325,Hsiao-chuan Chang,0,1,7,6.5,4.2,117,6,6,4,0,10,73094,65,3
tt2395427,復仇者聯盟2：奧創紀元,,Avengers: Age of Ultron,2015/4/22,USA,7.4,"Action,Adventure,Sci-Fi",250000000,141,Joss Whedon,0,25,42,8,Robert Downey Jr.,0,36,104,7.65,Chris Evans,0,6,35,7.675,Mark Ruffalo,0,29,106,7.925,4.4,991,18,394,242,13,649,374578,536,28
tt3614922,赤道,,Chek dou,2015/5/1,"Hong Kong,China,USA",5.6,"Action,Crime,Fantasy",26000000,118,Lok Man Leung,0,2,3,6.15,Chen Chang,0,0,9,7.3,Si Won Choi,0,0,0,6.65,Shawn Yue,0,1,2,7.35,3.8,131,2,21,12,4,37,99663,142,7
tt1655441,時空永恆的愛戀,,The Age of Adaline,2015/5/8,"USA,Canada",7.2,"Drama,Fantasy,Romance",25000000,112,Lee Toland Krieger,0,2,1,6.975,Blake Lively,0,8,21,6.95,Michiel Huisman,0,1,5,8.3,Harrison Ford,0,38,38,8.525,4.6,182,2,4,1,0,5,69443,159,3
tt2848292,歌喉讚2,,Pitch Perfect 2,2015/5/15,USA,6.4,"Comedy,Music",29000000,115,Elizabeth Banks,0,13,31,7.175,Anna Kendrick,0,14,67,7.075,Rebel Wilson,0,6,16,6.625,Hailee Steinfeld,0,24,42,7.025,4.7,758,3,74,9,1,84,714040,2738,31
tt1392190,瘋狂麥斯：憤怒道,,Mad Max: Fury Road,2015/5/15,"Australia,USA",8.1,"Action,Adventure,Sci-Fi",150000000,120,George Miller,0,69,55,7.3,Tom Hardy,0,16,74,8.325,Charlize Theron,0,56,98,7.2,Nicholas Hoult,0,4,13,7.525,4.4,829,12,246,181,7,434,674202,485,29
tt3079380,麻辣賤諜,,Spy,2015/5/22,USA,7,"Action,Comedy,Crime",65000000,119,Paul Feig,0,7,7,6.425,Melissa McCarthy,0,25,70,7.025,Rose Byrne,0,13,24,6.975,Jude Law,0,17,54,7.425,4.7,707,3,45,22,3,70,256440,481,8
tt1964418,明日世界,,Tomorrowland,2015/5/22,"USA,Spain,France,UK",6.5,"Action,Adventure,Family",190000000,130,Brad Bird,0,30,28,7.825,George Clooney,0,88,198,7.575,Britt Robertson,0,3,4,6.825,Hugh Laurie,0,18,54,6.925,4,359,1,21,3,1,25,278732,445,27
tt2126355,加州大地震,,San Andreas,2015/5/29,USA,6.1,"Action,Adventure,Drama",110000000,114,Brad Peyton,0,0,3,5.4,Dwayne Johnson,0,9,43,6.65,Carla Gugino,0,1,9,7.025,Alexandra Daddario,0,0,4,5.875,4.5,1046,6,74,32,0,106,154701,250,6
tt3195644,陰兒房第3章：從靈開始,,Insidious: Chapter 3,2015/6/5,"Canada,UK,USA",6.1,"Horror,Mystery,Thriller",10000000,97,Leigh Whannell,0,4,5,6.825,Dermot Mulroney,0,7,9,6.6,Stefanie Scott,0,4,4,6.025,Angus Sampson,0,0,4,8.166666667,4.2,214,3,30,7,0,37,249080,254,21
tt0369610,侏羅紀世界,,Jurassic World,2015/6/10,USA,7,"Action,Adventure,Sci-Fi",150000000,124,Colin Trevorrow,0,7,9,7.2,Chris Pratt,0,15,30,7.725,Bryce Dallas Howard,0,17,25,7.675,Ty Simpkins,0,1,3,6.9,4.6,1805,7,111,56,5,172,2862409,4043,190
tt2402101,暗處,,Dark Places,2015/6/18,"UK,France,USA",6.2,"Action,Drama,Mystery",20000000,113,Gilles Paquet-Brenner,0,3,1,6.1,Charlize Theron,0,56,98,7.2,Nicholas Hoult,0,4,13,7.525,Christina Hendricks,0,13,22,7.675,4.1,169,2,22,8,0,30,142962,172,4
tt2637276,熊麻吉2,,Ted 2,2015/6/25,USA,6.3,Comedy,68000000,115,Seth MacFarlane,0,22,50,6.9,Mark Wahlberg,0,20,64,7.825,Seth MacFarlane,0,22,50,6.9,Amanda Seyfried,0,7,17,6.725,3.9,364,6,143,36,1,180,1423984,2672,84
tt2268016,舞力麥克：尺度極限XXL,,Magic Mike XXL,2015/7/1,USA,5.6,"Comedy,Drama,Music",14800000,115,Gregory Jacobs,0,2,0,6.35,Channing Tatum,0,21,56,6.7,Joe Manganiello,0,2,2,6.425,Matt Bomer,0,10,9,7.15,3.7,114,0,0,0,0,0,158312,232,9
tt1340138,魔鬼終結者：創世契機,,Terminator Genisys,2015/7/3,USA,6.5,"Action,Adventure,Sci-Fi",155000000,126,Alan Taylor,0,5,11,7.4,Arnold Schwarzenegger,0,23,35,7.675,Jason Clarke,0,1,4,7.35,Emilia Clarke,0,4,26,7.15,4.5,647,11,160,136,10,306,369104,464,29
tt2293640,小小兵,,Minions,2015/7/10,USA,6.4,"Animation,Action,Adventure",74000000,91,Kyle Balda,0,0,0,6.8,Sandra Bullock,0,75,110,7.125,Jon Hamm,0,16,80,7.6,Michael Keaton,0,64,38,7.625,4.1,637,17,271,177,27,475,4302218,10000,606
tt0478970,蟻人,,Ant-Man,2015/7/16,USA,7.3,"Action,Adventure,Comedy",130000000,117,Peyton Reed,0,2,3,6.475,Paul Rudd,0,7,19,7.075,Michael Douglas,0,47,40,7.4,Corey Stoll,0,1,8,7.1,4.6,1006,15,353,200,27,580,319749,806,146
tt2120120,世界大對戰,,Pixels,2015/7/24,"USA,China,Canada",5.6,"Action,Comedy,Family",88000000,105,Chris Columbus,0,6,19,7.55,Adam Sandler,0,53,75,6.2,Kevin James,0,1,13,6.4,Michelle Monaghan,0,3,6,7.35,4.2,186,2,14,5,0,19,284701,770,118
tt2381249,不可能的任務：失控國度,,Mission: Impossible - Rogue Nation,2015/7/29,"China,Hong Kong,USA",7.4,"Action,Adventure,Thriller",150000000,131,Christopher McQuarrie,0,7,3,7.725,Tom Cruise,0,49,76,7.15,Rebecca Ferguson,0,4,5,6.85,Jeremy Renner,0,32,55,7.6,4.7,1008,12,385,162,10,557,416958,484,18
tt1524930,全家玩到趴,全家玩到趴,Vacation,2015/7/29,USA,6.1,"Adventure,Comedy",31000000,99,John Francis Daley,0,0,7,7.3,Ed Helms,0,4,11,7.825,Christina Applegate,0,14,24,7.025,Skyler Gisondo,0,2,4,6.5,4.3,210,0,0,0,0,0,833185,294,12
tt2096673,腦筋急轉彎,腦筋急轉彎,Inside Out,2015/8/7,USA,8.2,"Animation,Adventure,Comedy",175000000,95,Pete Docter,0,42,63,8.25,Amy Poehler,0,26,78,7.45,Bill Hader,0,4,21,7.725,Lewis Black,0,6,6,7.825,4.6,745,18,170,101,8,279,278094,412,10
tt4788638,破風,破風,Po feng,2015/8/7,Hong Kong,6.3,"Drama,Sport",NA,125,Dante Lam,0,6,28,6.6,Eddie Peng,0,0,10,6.85,Si Won Choi,0,0,0,6.65,Shawn Dou,0,0,2,6.925,4.7,1119,10,102,50,26,178,495907,1005,38
tt1502712,驚奇4超人2015,驚奇4超人2015/驚奇4超人,Fantastic Four,2015/8/7,"USA,Germany",4.3,"Action,Adventure,Sci-Fi",120000000,100,Josh Trank,0,1,2,5.566666667,Miles Teller,0,4,21,6.75,Kate Mara,0,2,4,7.45,Michael B. Jordan,0,19,36,6.625,2.3,365,20,331,570,97,998,186430,244,18
tt1638355,紳士密令,紳士密令,The Man from U.N.C.L.E.,2015/8/14,"USA,UK",7.3,"Action,Adventure,Comedy",75000000,116,Guy Ritchie,0,8,10,7.775,Henry Cavill,0,2,11,6.75,Armie Hammer,0,6,12,7.25,Alicia Vikander,0,51,55,7.175,4.7,479,4,24,15,1,40,759525,313,17
tt2679042,刺客任務：殺手47,刺客任務：殺手47/刺客任務/殺手47,Hitman: Agent 47,2015/8/28,"USA,UK,Germany",5.7,"Action,Adventure,Crime",35000000,96,Aleksander Bach,0,0,0,5.7,Rupert Friend,0,1,8,7.4,Hannah Ware,0,0,0,6.675,Zachary Quinto,0,10,23,7.55,4.2,248,7,66,79,4,149,290016,545,11
tt2938956,玩命快遞：肆意橫行,玩命快遞：肆意橫行/玩命快遞/肆意橫行,The Transporter Refueled,2015/9/4,"France,China,Belgium",5.2,"Action,Adventure,Crime",25000000,96,Camille Delamarre,0,4,10,6.1,Ed Skrein,0,1,2,6.525,Loan Chabanol,0,0,0,5.933333333,Ray Stevenson,0,0,1,6.9,4,235,4,65,22,5,92,277812,313,18
tt2140379,換命法則,換命法則,Self/less,2015/9/4,USA,6.5,"Action,Mystery,Sci-Fi",26000000,117,Tarsem Singh,0,6,5,6.45,Ryan Reynolds,0,16,42,6.825,Natalie Martinez,0,0,0,6.7,Matthew Goode,0,2,13,7.725,4.2,134,0,0,0,0,0,81853,67,0
tt4046784,移動迷宮：焦土試煉,移動迷宮：焦土試煉/焦土試煉/移動迷宮,Maze Runner: The Scorch Trials,2015/9/9,USA,6.3,"Action,Sci-Fi,Thriller",61000000,131,Wes Ball,0,2,0,6.825,Dylan O'Brien,0,12,4,6.925,Kaya Scodelario,0,1,7,6.925,Thomas Brodie-Sangster,0,3,10,6.925,4.3,825,7,325,102,32,459,465127,1015,18
tt1798684,震撼擂台,震撼擂台,Southpaw,2015/9/18,"Hong Kong,USA",7.4,"Drama,Sport",30000000,124,Antoine Fuqua,0,4,7,7.125,Jake Gyllenhaal,0,36,91,7.8,Rachel McAdams,0,21,47,7.45,Oona Laurence,0,0,3,6.7,4.7,375,9,65,20,3,88,114890,112,2
tt2361509,高年級實習生,高年級實習生,The Intern,2015/9/25,USA,7.1,"Comedy,Drama",35000000,121,Nancy Meyers,0,6,4,6.8,Robert De Niro,0,51,90,8.225,Anne Hathaway,0,64,103,7.825,Rene Russo,0,4,27,6.8,4.7,18,2,8,3,0,11,807821,552,6
tt2719848,聖母峰,聖母峰,Everest,2015/9/25,"UK,USA,Iceland",7.1,"Action,Adventure,Drama",55000000,121,Baltasar Korm獺kur,0,34,27,6.8,Jason Clarke,0,1,4,7.35,Ang Phula Sherpa,0,0,0,7.1,Thomas M. Wright,0,0,1,7.075,4.4,365,37,481,436,99,1016,608272,825,31
tt2510894,尖叫旅社2,尖叫旅社2/尖叫旅社,Hotel Transylvania 2,2015/9/25,USA,6.7,"Animation,Comedy,Family",80000000,89,Genndy Tartakovsky,0,3,15,7.575,Adam Sandler,0,53,75,6.2,Andy Samberg,0,5,28,7.55,Selena Gomez,0,40,40,6.225,4.6,136,1,12,1,0,13,377735,621,23
tt3659388,絕地救援,絕地救援,The Martian,2015/10/2,"UK,USA",8,"Adventure,Drama,Sci-Fi",108000000,144,Ridley Scott,0,39,83,7.925,Matt Damon,0,35,139,8.275,Jessica Chastain,0,74,98,7.425,Kristen Wiig,0,11,65,7.375,4.6,631,15,271,141,16,428,361482,804,18
tt3488710,走鋼索的人,走鋼索的人,The Walk,2015/10/2,USA,7.3,"Adventure,Biography,Crime",35000000,123,Robert Zemeckis,0,33,36,7.575,Joseph Gordon-Levitt,0,21,63,8.075,Charlotte Le Bon,0,0,1,6.3,Guillaume Baillargeon,0,0,0,6.675,4.6,194,2,19,5,0,24,114715,116,8
tt3332064,潘恩：航向夢幻島,潘恩：航向夢幻島/潘恩/航向夢幻島,Pan,2015/10/8,"USA,UK,Australia",5.8,"Adventure,Family,Fantasy",150000000,111,Joe Wright,0,10,29,7.25,Levi Miller,0,2,2,6.3,Hugh Jackman,0,22,78,7.975,Garrett Hedlund,0,2,3,7.025,4.2,179,7,53,22,3,78,82195,175,6
tt3682448,間諜橋,間諜橋,Bridge of Spies,2015/10/16,"USA,Germany,India",7.6,"Drama,History,Thriller",40000000,142,Steven Spielberg,0,180,180,8.175,Tom Hanks,0,79,139,7.95,Mark Rylance,0,20,35,7.25,Alan Alda,0,38,60,7.475,4.6,279,2,9,1,1,11,62288,89,1
tt2554274,腥紅山莊,腥紅山莊,Crimson Peak,2015/10/16,"USA,Canada",6.5,"Drama,Fantasy,Horror",55000000,119,Guillermo del Toro,0,55,56,7.25,Mia Wasikowska,0,6,38,6.8,Jessica Chastain,0,74,98,7.425,Tom Hiddleston,0,5,31,7.575,4.2,295,1,26,6,0,32,804320,758,17
tt1754656,小王子,小王子,The Little Prince,2015/10/23,France,7.8,"Animation,Adventure,Drama",81200000,108,Mark Osborne,0,15,7,7.65,Jeff Bridges,0,42,104,7.625,Mackenzie Foy,0,4,7,7.35,Rachel McAdams,0,21,47,7.45,4.4,323,8,70,43,0,113,92862,413,3
tt1618442,獵巫行動：大滅絕,獵巫行動：大滅絕/獵巫行動/大滅絕,The Last Witch Hunter,2015/10/23,"USA,China,Canada",6,"Action,Adventure,Fantasy",90000000,106,Breck Eisner,0,0,1,6.325,Vin Diesel,0,7,32,6.85,Rose Leslie,0,1,2,6.75,Elijah Wood,0,25,44,8.325,4,309,4,85,42,3,130,175884,161,11
tt1355683,黑勢力,黑勢力,Black Mass,2015/10/23,"USA,UK",6.9,"Biography,Crime,Drama",53000000,123,Scott Cooper,0,2,7,7.325,Johnny Depp,0,75,133,7.45,Benedict Cumberbatch,0,31,98,7.55,Dakota Johnson,0,8,10,5.425,4.2,116,4,15,16,3,34,541776,339,5
tt2503944,天菜大廚,天菜大廚,Burnt,2015/10/30,USA,6.6,"Comedy,Drama",20000000,101,John Wells,0,21,45,8,Bradley Cooper,0,28,62,7.575,Sienna Miller,0,4,19,6.775,Daniel Br羹hl,0,21,26,8.05,4.1,250,4,11,3,0,14,124008,128,3
tt1018765,危機女王,危機女王,Our Brand Is Crisis,2015/10/30,USA,6.1,"Comedy,Drama",28000000,107,David Gordon Green,0,14,35,6.8,Sandra Bullock,0,75,110,7.125,Billy Bob Thornton,0,31,53,7.65,Anthony Mackie,0,6,30,7.85,4.6,149,1,4,1,0,5,92138,147,3
tt1727776,殭屍教戰守則,殭屍教戰守則,Scouts Guide to the Zombie Apocalypse,2015/10/30,USA,6.3,"Action,Comedy,Horror",15000000,93,Christopher Landon,0,1,2,6,Tye Sheridan,0,6,11,6.875,Logan Miller,0,1,0,6.625,Joey Morgan,0,0,0,6.925,4.5,263,2,17,2,0,19,557840,800,32
tt2379713,007：惡魔四伏,007：惡魔四伏/007/惡魔四伏,Spectre,2015/11/5,"UK,USA",6.8,"Action,Adventure,Thriller",245000000,148,Sam Mendes,0,38,28,7.8,Daniel Craig,0,13,28,7.55,Christoph Waltz,0,82,40,7.675,L矇a Seydoux,0,16,30,7.75,3.8,623,59,1152,840,46,2038,204323,200,10
tt1951266,飢餓遊戲：自由幻夢終結戰,飢餓遊戲：自由幻夢終結戰/飢餓遊戲/自由幻夢終結戰/自由幻夢,The Hunger Games: Mockingjay - Part 2,2015/11/20,"USA,Germany",6.6,"Action,Adventure,Sci-Fi",160000000,137,Francis Lawrence,0,4,12,7.075,Jennifer Lawrence,0,114,170,7.375,Josh Hutcherson,0,18,24,7,Liam Hemsworth,0,6,16,6.675,3.9,646,15,278,142,27,447,70053,64,1
tt1741273,沉默的雙眼,沉默的雙眼,Secret in Their Eyes,2015/11/20,"USA,UK,Spain,South Korea",6.2,"Crime,Drama,Mystery",19500000,111,Billy Ray,0,1,28,7.325,Chiwetel Ejiofor,0,53,74,7.825,Nicole Kidman,0,78,171,7.525,Julia Roberts,0,58,96,7.175,4.4,104,1,0,0,0,0,85716,214,2
tt1390411,白鯨傳奇：怒海之心,白鯨傳奇：怒海之心/白鯨傳奇/怒海之心,In the Heart of the Sea,2015/12/11,"USA,Australia,Spain",6.9,"Action,Adventure,Biography",100000000,122,Ron Howard,0,37,71,7.875,Chris Hemsworth,0,10,29,7.375,Cillian Murphy,0,4,35,8.425,Brendan Gleeson,0,13,37,7.75,4.5,286,7,36,25,14,75,379996,86,4
tt2488496,星際大戰：原力覺醒,星際大戰：原力覺醒/星際大戰/原力覺醒,Star Wars: Episode VII - The Force Awakens,2015/12/17,USA,8.1,"Action,Adventure,Fantasy",245000000,136,J.J. Abrams,0,18,51,7.6,Daisy Ridley,0,7,16,7.55,John Boyega,0,6,15,7.3,Oscar Isaac,0,20,46,7.75,4,658,127,3206,3058,262,6526,567677,891,17
tt2452042,史努比,史努比,Shinubi,2015/12/25,USA,7.1,"Animation,Adventure,Comedy",99000000,88,Steve Martino,0,0,6,7.275,Noah Schnapp,0,1,0,8.125,Bill Melendez,0,14,28,7.95,Hadley Belle Miller,0,0,1,7.175,4.4,190,3,40,30,5,75,938750,1220,17
tt2058673,飆風特攻,飆風特攻,Point Break,2015/12/25,"China,Germany,USA",5.3,"Action,Crime,Sport",105000000,114,Ericson Core,0,0,2,6.1,Edgar Ram穩rez,0,11,9,6.775,Luke Bracey,0,0,0,6.4,Ray Winstone,0,12,16,7,4.5,265,6,22,14,2,38,223892,278,12
tt2446980,翻轉幸福,翻轉幸福,Joy,2015/12/31,USA,6.6,Drama,60000000,124,David O. Russell,0,42,96,7.2,Jennifer Lawrence,0,114,170,7.375,Robert De Niro,0,51,90,8.225,Bradley Cooper,0,28,62,7.575,4.2,188,2,1,4,0,5,1074267,538,15
tt1051904,怪物遊戲,怪物遊戲,Goosebumps,2015/12/31,"USA,Australia",6.3,"Adventure,Comedy,Family",58000000,103,Rob Letterman,0,0,3,5.925,Jack Black,0,9,42,7.3,Dylan Minnette,0,3,6,7.175,Odeya Rush,0,1,2,6.15,4.3,163,3,10,5,1,16,187164,272,5
tt1528854,家有兩個爸,家有兩個爸,Daddy's Home,2016/1/1,USA,6.1,"Comedy,Family",50000000,96,Sean Anders,0,1,1,6.475,Will Ferrell,0,11,67,6.775,Mark Wahlberg,0,20,64,7.825,Linda Cardellini,0,3,12,7.05,4.5,130,1,3,1,1,5,71932,487,16
tt0810819,丹麥女孩,丹麥女孩,The Danish Girl,2016/1/1,"UK,USA,Germany,Denmark,Belgium",7.1,"Biography,Drama,History",15000000,119,Tom Hooper,0,30,49,7.575,Eddie Redmayne,0,21,69,7.45,Alicia Vikander,0,51,55,7.175,Amber Heard,0,3,0,6.7,4.8,574,3,79,33,0,112,743843,4192,53
tt3845232,新世紀福爾摩斯：地獄新娘,新世紀福爾摩斯：地獄新娘/新世紀福爾摩斯/地獄新娘,The Abominable Bride            ,2016/1/1,UK,8.2,"Crime,Drama,Mystery",NA,89,Douglas Mackinnon,0,1,5,7.275,Benedict Cumberbatch,0,31,98,7.55,Martin Freeman,0,9,30,7.775,Una Stubbs,0,0,1,7.575,4.4,553,3,56,10,1,67,185414,624,17
tt1663202,神鬼獵人,神鬼獵人,The Revenant,2016/1/8,"Hong Kong,Taiwan,USA",8,"Adventure,Drama,History",135000000,156,Alejandro Gonz獺lez I簽獺rritu,0,114,151,7.7,Leonardo DiCaprio,0,96,209,8.325,Tom Hardy,0,16,74,8.325,Will Poulter,0,4,13,7.025,4.2,540,22,305,166,13,484,312904,320,11
tt1292566,單身啪啪啪,單身啪啪啪/啪啪啪,How to Be Single,2016/1/8,USA,6.1,"Comedy,Romance",38000000,110,Christian Ditter,0,11,3,6.225,Dakota Johnson,0,8,10,5.425,Rebel Wilson,0,6,16,6.625,Leslie Mann,0,2,5,6.85,4.3,276,1,8,6,0,14,1582805,1946,110
tt1596363,大賣空,大賣空/賣空,The Big Short,2016/1/15,USA,7.8,"Biography,Comedy,Drama",28000000,130,Adam McKay,0,22,30,6.925,Christian Bale,0,65,82,8.375,Steve Carell,0,33,120,7.75,Ryan Gosling,0,32,136,7.775,4.5,157,2,9,1,0,10,110831,136,5
tt2304933,第五毀滅,第五毀滅/五毀滅,The 5th Wave,2016/1/21,USA,5.2,"Action,Adventure,Sci-Fi",38000000,112,J Blakeson,0,0,2,6.1,Chlo禱 Grace Moretz,0,25,41,7.25,Matthew Zuk,0,0,1,7.625,Gabriela Lopez,0,0,0,5.933333333,3.4,336,1,24,20,1,45,193603,263,12
tt1860213,阿公歐買尬,阿公歐買尬/歐買尬/阿公,Dirty Grandpa,2016/1/22,USA,6,Comedy,27500000,102,Dan Mazer,0,3,7,6.25,Robert De Niro,0,51,90,8.225,Zac Efron,0,28,30,6.1,Zoey Deutch,0,1,2,6.825,4.3,164,5,33,20,1,54,367402,518,75
tt4172430,13小時：班加西的秘密士兵,13小時：班加西的秘密士兵/13小時,13 Hours,2016/1/29,"Malta,Morocco,USA",7.3,"Action,Drama,History",50000000,144,Michael Bay,0,8,10,6.5,John Krasinski,0,6,20,7.3,Pablo Schreiber,0,3,1,7.025,James Badge Dale,0,2,8,7.475,4.6,371,2,7,4,0,11,252003,292,14
tt4168022,妖怪手錶：誕生的秘密喵,妖怪手錶：誕生的秘密喵/妖怪手錶/妖錶,Y繫kai Watch: Tanj繫 no himitsuda nyan,2016/1/29,"Japan,USA",5.5,"Animation,Action,Comedy",NA,97,Shigeharu Takahashi,0,0,1,6.2,Haruka Tomatsu,0,0,0,7.2,Tomokazu Seki,0,0,0,7.275,Etsuko Kozakura,0,0,0,7.3,4.6,194,2,6,15,0,21,199959,280,55
tt1979388,恐龍當家,恐龍當家,Konglong dangjia,2016/2/6,USA,6.7,"Animation,Adventure,Comedy",200000000,93,Peter Sohn,0,0,6,7.85,Jeffrey Wright,0,11,32,7.2,Frances McDormand,0,54,53,7.7,Maleah Nipay-Padilla,0,0,0,6.066666667,4.5,165,6,26,11,0,37,457153,468,85
tt1431045,惡棍英雄：死侍,惡棍英雄：死侍/死侍,Deadpool,2016/2/9,USA,8,"Action,Adventure,Comedy",58000000,108,Tim Miller,0,1,8,6.9,Ryan Reynolds,0,16,42,6.825,Morena Baccarin,0,2,12,7.775,T.J. Miller,0,1,5,7.725,4.1,982,30,749,356,54,1159,1461013,3812,71
tt1895587,驚爆焦點,驚爆焦點/驚爆,Spotlight,2016/2/19,USA,8.1,"Crime,Drama,History",20000000,128,Tom McCarthy,0,74,97,7.35,Mark Ruffalo,0,29,106,7.925,Michael Keaton,0,64,38,7.625,Rachel McAdams,0,21,47,7.45,4.5,164,17,73,51,1,125,41690,167,1
tt2948356,動物方城市,動物方程市/方程市,Zootopia,2016/2/26,USA,8,"Animation,Adventure,Comedy",150000000,108,Byron Howard,0,10,12,7.6,Ginnifer Goodwin,0,3,15,7.775,Jason Bateman,0,12,35,7.825,Idris Elba,0,22,76,7.25,4.9,1274,0,0,0,0,0,593481,1180,53
tt2404233,荷魯斯之眼：王者爭霸,荷魯斯之眼：王者爭霸/荷魯斯之眼/王者爭霸,Gods of Egypt,2016/2/26,"USA,Australia",5.4,"Action,Adventure,Fantasy",140000000,127,Alex Proyas,0,6,7,7.15,Brenton Thwaites,0,2,1,6.4,Nikolaj Coster-Waldau,0,0,15,7.575,Gerard Butler,0,4,15,7.4,4.5,446,0,0,0,0,0,608097,1130,48
tt3170832,不存在的房間,不存在的房間/房間,Room,2016/2/26,"Ireland,Canada,UK,USA",8.2,Drama,13000000,118,Lenny Abrahamson,0,24,25,7.15,Brie Larson,0,59,51,7.525,Jacob Tremblay,0,20,24,6.875,Sean Bridgers,0,3,2,7.05,4.6,197,2,18,5,1,24,245302,510,5
tt3300542,全面攻佔2：倫敦救援,全面攻佔2：倫敦救援/全面攻佔2/倫敦救援,London Has Fallen,2016/3/4,"UK,Bulgaria,USA",5.9,"Action,Crime,Drama",60000000,99,Babak Najafi,0,5,3,6.4,Gerard Butler,0,4,15,7.4,Aaron Eckhart,0,7,17,7.2,Morgan Freeman,0,58,76,8.35,4.5,525,1,7,2,0,9,317720,417,30
tt2402927,因為愛你,因為愛你,Carol,2016/3/4,"UK,USA",7.2,"Drama,Romance",11800000,118,Todd Haynes,0,57,90,7.15,Cate Blanchett,0,149,184,8.55,Rooney Mara,0,26,62,7.45,Sarah Paulson,0,20,29,7.675,4.5,285,7,72,44,1,117,88794,358,3
tt2025690,絕命救援,絕命救援,The Finest Hours,2016/3/11,USA,6.8,"Action,Drama,History",80000000,117,Craig Gillespie,0,4,9,6.9,Chris Pine,0,7,25,7.625,Casey Affleck,0,64,51,8.125,Ben Foster,0,7,30,7.425,4.5,221,0,0,0,0,0,163372,102,10
tt3464902,單身動物園,單身動物園/單身,The Lobster,2016/3/11,"Greece,Ireland,Netherlands,UK,France",7.1,"Comedy,Drama,Romance",NA,119,Yorgos Lanthimos,0,34,47,7.15,Colin Farrell,0,13,51,7.175,Rachel Weisz,0,17,32,6.875,Jessica Barden,0,0,1,6.7,3.7,77,20,189,137,13,339,55399,161,1
tt3882082,託陰,託陰,The Boy,2016/3/11,"USA,China,Canada",6,"Horror,Mystery,Thriller",8000000,97,William Brent Bell,0,0,2,5.3,Lauren Cohan,0,0,3,5.75,Rupert Evans,0,1,1,6.475,James Russell,0,0,0,6.9,4.1,224,1,3,1,0,4,233432,408,16
tt3410834,分歧者3：赤誠者,分歧者3：赤誠者/分歧者3/赤誠者,Allegiant,2016/3/18,USA,5.7,"Action,Adventure,Mystery",110000000,120,Robert Schwentke,0,3,3,6.7,Shailene Woodley,0,33,65,6.7,Theo James,0,3,7,6.275,Jeff Daniels,0,11,33,7.5,4.3,297,0,0,0,0,0,181793,265,7
tt2975590,蝙蝠俠對超人：正義曙光,蝙蝠俠對超人：正義曙光/蝙蝠俠對超人/正義曙光,Batman v Superman: Dawn of Justice,2016/3/25,USA,6.6,"Action,Adventure,Sci-Fi",250000000,151,Zack Snyder,0,3,12,7.125,Ben Affleck,0,71,105,7.925,Henry Cavill,0,2,11,6.75,Amy Adams,0,65,189,7.3,4.1,1331,36,1214,806,123,2143,1353889,2596,129
tt2267968,功夫熊貓3,功夫熊貓3/功夫熊貓,Gong fu xiong mao 3,2016/4/1,"China,USA",7.1,"Animation,Action,Adventure",145000000,95,Alessandro Carloni,0,0,2,7.55,Jack Black,0,9,42,7.3,Bryan Cranston,0,51,83,8.25,Dustin Hoffman,0,60,50,7.8,4.5,160,10,94,50,14,158,551994,1351,38
tt1179933,科洛弗10號地窖,科洛弗10號地窖/科洛弗,10 Cloverfield Lane,2016/4/1,USA,7.2,"Drama,Horror,Mystery",15000000,104,Dan Trachtenberg,0,0,3,7.6,John Goodman,0,26,72,7.75,Mary Elizabeth Winstead,0,4,16,7.175,John Gallagher Jr.,0,0,3,6.975,3.9,248,1,14,11,1,26,160314,196,7
tt4076934,特工爺爺,特工爺爺,Wo de te gong ye ye,2016/4/1,"China,Hong Kong",5.9,"Action,Crime,Drama",NA,99,Sammo Kam-Bo Hung,0,9,21,7,Sammo Kam-Bo Hung,0,9,21,7,Jacqueline Chan,0,0,0,6.275,Qinqin Li,0,1,0,6.025,4.2,344,3,46,16,0,62,105109,161,31
tt2381991,狩獵者：凜冬之戰,狩獵者：凜冬之戰/狩獵者/凜冬之戰,The Huntsman: Winter's War,2016/4/8,USA,6.1,"Action,Adventure,Drama",115000000,114,Cedric Nicolas-Troyan,0,0,3,6.433333333,Chris Hemsworth,0,10,29,7.375,Jessica Chastain,0,74,98,7.425,Charlize Theron,0,56,98,7.2,4.4,262,5,160,72,2,234,579700,931,24
tt1083452,飛躍奇蹟,飛躍奇蹟/奇蹟,Eddie the Eagle,2016/4/8,"UK,Germany,USA",7.4,"Biography,Comedy,Drama",23000000,106,Dexter Fletcher,0,1,6,7.875,Taron Egerton,0,1,6,7.35,Hugh Jackman,0,22,78,7.975,Tom Costello,0,0,0,7.4,4.8,437,21,151,92,6,249,160953,430,8
tt3040964,與森林共舞,與森林共舞,The Jungle Book,2016/4/15,"UK,USA",7.5,"Adventure,Drama,Family",175000000,106,Jon Favreau,0,5,9,7.35,Neel Sethi,0,0,5,6.575,Bill Murray,0,52,78,7.775,Ben Kingsley,0,44,69,8.15,4.5,279,2,20,19,5,44,465480,45,4
tt3014866,換腦行動,換腦行動/換腦,Criminal,2016/4/15,"USA,UK",6.3,"Action,Crime,Drama",31500000,113,Ariel Vromen,0,2,0,6.233333333,Kevin Costner,0,51,56,7.225,Ryan Reynolds,0,16,42,6.825,Gal Gadot,0,2,3,6.825,4.5,168,1,4,4,0,8,37648,64,2
tt3352390,非死不可,非死不可,Friend Request,2016/4/22,Germany,5.4,"Horror,Thriller",9900000,92,Simon Verhoeven,0,7,2,6.65,Alycia Debnam-Carey,0,0,1,5.775,William Moseley,0,1,3,6.825,Connor Paolo,0,0,1,6.9,4.4,192,3,9,3,2,14,227135,288,18
tt3498820,美國隊長3：英雄內戰,美國隊長3：英雄內戰/美國隊長3/英雄內戰,Captain America: Civil War,2016/4/27,"USA,Germany",7.9,"Action,Adventure,Sci-Fi",250000000,147,Anthony Russo,0,2,7,7.45,Chris Evans,0,6,35,7.675,Robert Downey Jr.,0,36,104,7.65,Scarlett Johansson,0,37,135,8.05,4.6,1286,92,3044,2796,336,6176,1539982,4151,113
tt4438848,惡鄰纏身2,惡鄰纏身2/纏身2/惡鄰2,Neighbors 2: Sorority Rising,2016/5/6,USA,5.7,Comedy,35000000,92,Nicholas Stoller,0,2,7,6.65,Seth Rogen,0,11,32,6.95,Rose Byrne,0,13,24,6.975,Zac Efron,0,28,30,6.1,3.8,83,2,15,0,0,15,326783,400,55
tt2241351,金錢怪獸,金錢怪獸,Money Monster,2016/5/13,USA,6.5,"Crime,Drama,Thriller",27000000,98,Jodie Foster,0,54,46,7.4,George Clooney,0,88,198,7.575,Julia Roberts,0,58,96,7.175,Jack O'Connell,0,12,10,7,4.3,126,1,4,2,0,6,45856,46,5
tt5284414,少女與戰車劇場版,少女與戰車劇場版/少女與戰車,Girls und Panzer the Movie,2016/5/13,Japan,7.6,Animation,NA,119,Tsutomu Mizushima,0,0,1,7.7,Mai Fuchigami,0,0,0,7.975,Ai Kayano,0,0,0,7.55,Mami Ozaki,0,0,0,7.625,3.7,125,1,3,0,0,3,16542,58,6
tt3385516,X戰警：天啟,X戰警：天啟/X戰警/天啟,X-Men: Apocalypse,2016/5/18,USA,7,"Action,Adventure,Sci-Fi",178000000,144,Bryan Singer,0,14,19,8.225,James McAvoy,0,11,28,7.375,Michael Fassbender,0,76,136,7.775,Jennifer Lawrence,0,114,170,7.375,4.7,671,70,2330,1683,166,4179,1582355,2508,92
tt2567026,魔境夢遊：時光怪客,魔境夢遊：時光怪客/魔境夢遊/時光怪客,Alice Through the Looking Glass,2016/5/27,"USA,UK",6.2,"Adventure,Family,Fantasy",170000000,113,James Bobin,0,2,7,7.075,Mia Wasikowska,0,6,38,6.8,Johnny Depp,0,75,133,7.45,Helena Bonham Carter,0,43,84,7.675,4.5,199,5,68,41,2,111,132525,295,10
tt4136084,走音天后,走音天后/走音,Florence Foster Jenkins,2016/5/27,UK,6.9,"Biography,Comedy,Drama",29000000,111,Stephen Frears,0,65,66,7.525,Meryl Streep,0,166,341,7.275,Hugh Grant,0,17,29,6.95,Simon Helberg,0,4,12,7.275,4.4,140,3,51,10,0,61,144930,216,6
tt3949660,忍者龜：破影而出,忍者龜：破影而出/忍者龜/破影而出,Teenage Mutant Ninja Turtles: Out of the Shadows,2016/6/3,"USA,Hong Kong,China,Canada",6,"Action,Adventure,Comedy",135000000,112,Dave Green,0,2,1,6.725,Megan Fox,0,7,21,6,Will Arnett,0,6,21,7.7,Tyler Perry,0,12,40,5.025,4.3,257,8,172,95,9,276,536340,827,27
tt3110958,出神入化2,出神入化2,Now You See Me 2,2016/6/8,"France,USA",6.5,"Action,Adventure,Comedy",90000000,129,Jon M. Chu,0,0,1,5.025,Jesse Eisenberg,0,21,56,7.325,Mark Ruffalo,0,29,106,7.925,Woody Harrelson,0,21,73,7.725,4.1,655,14,300,182,29,511,641325,1282,44
tt3065204,厲陰宅2,厲陰宅2,The Conjuring 2,2016/6/8,"Canada,USA",7.4,"Horror,Mystery,Thriller",40000000,134,James Wan,0,14,11,6.975,Vera Farmiga,0,18,76,7.725,Patrick Wilson,0,2,16,7.325,Madison Wolfe,0,0,0,6.9,4.7,809,6,79,25,1,105,674444,1209,63
tt0803096,魔獸：崛起,魔獸：崛起/魔獸/崛起,Warcraft,2016/6/8,"China,Canada,Japan,USA",6.9,"Action,Adventure,Fantasy",160000000,123,Duncan Jones,0,13,13,7.175,Travis Fimmel,0,0,1,7.075,Paula Patton,0,1,12,7.15,Ben Foster,0,7,30,7.425,4.6,840,25,717,424,55,1196,1188945,2861,66
tt1985949,憤怒鳥玩電影,憤怒鳥玩電影/憤怒鳥,Angry Birds,2016/6/8,"Finland,USA",6.3,"Animation,Action,Adventure",73000000,97,Clay Kaytis,0,0,2,7.325,Jason Sudeikis,0,1,6,7.075,Josh Gad,0,7,4,7.05,Danny McBride,0,2,14,7.175,4.1,115,4,27,8,1,36,312151,628,50
tt2674426,我就要你好好的,我就要你好好的,Me Before You,2016/6/17,"UK,USA",7.4,"Drama,Romance",20000000,106,Thea Sharrock,0,1,2,7.966666667,Emilia Clarke,0,4,26,7.15,Sam Claflin,0,1,10,6.7,Janet McTeer,0,9,28,6.925,4.4,730,1,8,7,0,15,171602,609,9
tt1628841,ID4星際重生,ID4星際重生/ID4/星際重生,Independence Day: Resurgence,2016/6/24,USA,5.3,"Action,Adventure,Sci-Fi",165000000,120,Roland Emmerich,0,16,16,6,Liam Hemsworth,0,6,16,6.675,Jeff Goldblum,0,9,24,7.425,Bill Pullman,0,7,2,7.125,4.6,635,40,837,602,75,1514,660860,1017,57
tt2709768,寵物當家,寵物當家,The Secret Life of Pets,2016/6/29,"Japan,USA",6.6,"Animation,Adventure,Comedy",75000000,87,Chris Renaud,0,0,16,7.025,Louis C.K.,0,24,82,8.45,Eric Stonestreet,0,7,22,7.175,Kevin Hart,0,15,26,6.425,4.3,262,3,20,7,1,28,1096306,2352,84
tt0918940,泰山傳奇,泰山傳奇/泰山,The Legend of Tarzan,2016/6/29,"UK,Canada,USA",6.3,"Action,Adventure,Drama",180000000,110,David Yates,0,15,18,7.7,Alexander Skarsg疇rd,0,8,10,7.15,Rory J. Saper,0,0,0,7,Christian Stevens,0,0,0,6.3,4.1,310,3,29,25,3,57,452272,274,24
tt2277860,海底總動員2：多莉去哪兒,海底總動員2：多莉去哪兒/海底總動員2/多莉去哪兒,Finding Dory,2016/7/7,USA,7.4,"Animation,Adventure,Comedy",200000000,97,Andrew Stanton,0,32,62,8.175,Ellen DeGeneres,0,86,69,7.575,Albert Brooks,0,28,31,7.9,Ed O'Neill,0,10,17,7.3,4.5,331,10,176,111,56,343,214265,257,19
tt5112622,寒戰2,寒戰2,Han zhan II,2016/7/8,"Hong Kong,China",6.7,"Action,Crime,Drama",NA,110,Lok Man Leung,0,2,3,6.15,Aaron Kwok,0,5,16,6.7,Tony Ka Fai Leung,0,13,29,6.875,Yun-Fat Chow,0,9,27,7.675,4.5,709,4,51,36,3,90,346442,491,41
tt4094724,國定殺戮日：大選之年,國定殺戮日：大選之年/國定殺戮日/大選之年,The Purge: Election Year,2016/7/8,"USA,France",6,"Action,Horror,Sci-Fi",10000000,108,James DeMonaco,0,1,4,6.45,Frank Grillo,0,0,2,7.325,Elizabeth Mitchell,0,4,12,7.2,Mykelti Williamson,0,0,9,7.9,4.3,160,4,67,32,1,100,221786,455,30
tt1289401,魔鬼剋星,魔鬼剋星,Ghostbusters,2016/7/14,"USA,Australia",5.3,"Action,Comedy,Fantasy",144000000,116,Paul Feig,0,7,7,6.425,Melissa McCarthy,0,25,70,7.025,Kristen Wiig,0,11,65,7.375,Kate McKinnon,0,8,23,6.65,3.9,243,8,211,180,4,395,80735,118,19
tt1489889,中央情爆員,中央情爆員/情爆員,Central Intelligence,2016/7/15,USA,6.3,"Action,Comedy,Crime",50000000,107,Rawson Marshall Thurber,0,0,2,6.35,Dwayne Johnson,0,9,43,6.65,Kevin Hart,0,15,26,6.425,Danielle Nicolet,0,0,2,7.35,4.2,155,0,0,0,0,0,251931,705,22
tt2660888,星際爭霸戰：浩瀚無垠,星際爭霸戰：浩瀚無垠/星際爭霸戰/浩瀚無垠,Star Trek: Beyond,2016/7/21,"USA,Hong Kong,China",7.1,"Action,Adventure,Sci-Fi",185000000,122,Justin Lin,0,3,6,7.025,Chris Pine,0,7,25,7.625,Zachary Quinto,0,10,23,7.55,Karl Urban,0,8,8,7.675,4.6,323,11,353,247,8,608,291714,289,9
tt4786282,鬼關燈,鬼關燈/關燈,Lights Out,2016/7/21,USA,6.3,Horror,4900000,81,David F. Sandberg,0,4,2,6.95,Teresa Palmer,0,0,7,6.875,Gabriel Bateman,0,0,0,6.9,Maria Bello,0,18,19,7.325,4,239,7,59,33,2,94,253120,85,6
tt3416828,冰原歷險記：笑星撞地球,冰原歷險記：笑星撞地球/冰原歷險記/笑星撞地球,Ice Age: Collision Course,2016/7/22,USA,5.7,"Animation,Adventure,Comedy",105000000,94,Mike Thurmeier,0,0,1,6.725,Ray Romano,0,15,47,7.3,Denis Leary,0,3,17,7.05,John Leguizamo,0,12,21,7.2,3.5,68,3,39,11,2,52,159334,535,11
tt4196776,神鬼認證：傑森包恩,神鬼認證：傑森包恩/神鬼認證/傑森包恩,Jason Bourne,2016/7/28,"UK,China,USA",6.6,"Action,Thriller",120000000,123,Paul Greengrass,0,35,65,7.575,Matt Damon,0,35,139,8.275,Tommy Lee Jones,0,41,89,7.325,Alicia Vikander,0,51,55,7.175,4.3,456,15,359,126,10,495,322059,548,19
tt1386697,自殺突擊隊,自殺突擊隊,Suicide Squad,2016/8/5,USA,6.2,"Action,Adventure,Fantasy",175000000,123,David Ayer,0,0,5,7.3,Will Smith,0,60,118,7.4,Jared Leto,0,49,34,8.075,Margot Robbie,0,8,21,6.65,4.2,863,58,1585,976,70,2631,847420,2337,73
tt3691740,吹夢巨人,吹夢巨人/巨人,The BFG,2016/8/11,"USA,India",6.4,"Adventure,Family,Fantasy",140000000,117,Steven Spielberg,0,180,180,8.175,Mark Rylance,0,20,35,7.25,Ruby Barnhill,0,0,4,6.6,Penelope Wilton,0,3,4,7.35,4.3,149,4,51,28,1,80,126265,306,9
tt5842624,危城,危城,Wei cheng,2016/8/12,"Hong Kong,China",6.5,Action,32000000,120,Benny Chan,0,2,8,6.85,Sammo Kam-Bo Hung,0,9,21,7,Tin Chiu Hung,0,0,0,5.875,Shuying Jiang,0,1,3,5.7,4.5,470,1,1,1,0,2,289640,204,21
tt2638144,賓漢,賓漢,Ben-Hur,2016/8/18,USA,5.7,"Action,Adventure,Drama",100000000,123,Timur Bekmambetov,0,5,11,6.4,Jack Huston,0,8,4,6.6,Toby Kebbell,0,2,4,7.1,Rodrigo Santoro,0,18,14,7.05,4,180,1,12,14,1,27,144851,220,19
tt4052882,絕鯊島,絕鯊島,The Shallows,2016/8/18,"USA,Australia,Spain",6.3,"Drama,Horror,Thriller",17000000,86,Jaume Collet-Serra,0,0,4,6.8,Blake Lively,0,8,21,6.95,?scar Jaenada,0,14,9,6.475,Angelo Josue Lozano Corzo,0,0,0,6.3,4.3,203,3,42,17,0,59,121336,144,10
tt3522806,極速秒殺2,極速秒殺2,Mechanic: Resurrection,2016/8/25,"France,USA",5.7,"Action,Adventure,Crime",40000000,98,Dennis Gansel,0,12,8,6.75,Jason Statham,0,1,3,7.575,Jessica Alba,0,15,39,6.25,Tommy Lee Jones,0,41,89,7.325,4.1,253,2,8,4,0,12,209852,309,8
tt5700672,屍速列車,屍速列車/屍速,Busanhaeng,2016/9/2,South Korea,7.5,"Action,Drama,Horror",NA,118,Sang-ho Yeon,0,23,15,6.8,Yoo Gong,0,2,7,7.775,Yu-mi Jung,0,4,5,7.175,Dong-seok Ma,0,1,7,6.95,4.4,2235,11,185,155,47,387,1756050,2530,184
tt3263904,薩利機長：哈德遜奇蹟,薩利機長：哈德遜奇蹟/薩利機長/哈德遜奇蹟,Sully,2016/9/8,USA,7.5,"Biography,Drama",60000000,96,Clint Eastwood,0,141,155,8.15,Tom Hanks,0,79,139,7.95,Aaron Eckhart,0,7,17,7.2,Laura Linney,0,38,87,7.625,4.6,499,5,54,34,3,91,360448,340,4
tt3531824,玩命直播,玩命直播,Nerve,2016/9/9,USA,6.6,"Adventure,Crime,Mystery",20000000,96,Henry Joost,0,1,4,6.675,Emma Roberts,0,6,26,6.25,Dave Franco,0,3,2,7.25,Emily Meade,0,1,1,7.475,4.1,146,5,26,18,1,45,325599,577,29
tt1473832,BJ有喜,BJ有喜/BJ,Bridget Jones's Baby,2016/9/16,"Ireland,UK,France,USA",6.6,"Comedy,Romance",35000000,118,Sharon Maguire,0,1,5,6.525,Ren矇e Zellweger,0,28,73,7.3,Gemma Jones,0,3,6,6.65,Jim Broadbent,0,22,52,7.525,4.3,140,4,110,58,0,168,120474,245,10
tt3774114,神鬼駭客：史諾登,神鬼駭客：史諾登/神鬼駭客/史諾登,Snowden,2016/9/23,"France,Germany,USA",7.3,"Biography,Drama,Thriller",40000000,134,Oliver Stone,0,57,50,7.65,Joseph Gordon-Levitt,0,21,63,8.075,Shailene Woodley,0,33,65,6.7,Melissa Leo,0,46,71,7.55,3.4,143,4,42,19,1,62,112439,313,13
tt6072662,我的蛋男情人,我的蛋男情人/蛋男情人,My Egg Boy,2016/9/23,"Taiwan,Sweden",6,"Comedy,Drama,Romance",NA,112,Tien-Yu Fu,0,0,2,6.4,Ariel Lin,0,3,1,5.3,Rhydian Vaughan,0,0,1,6.2,Huai-Yun Zhan,0,0,1,4.7,3.7,293,0,0,0,0,0,182154,338,11
tt1935859,怪奇孤兒院,怪奇孤兒院/孤兒院,Miss Peregrine's Home for Peculiar Children,2016/9/27,"UK,Belgium,USA",6.7,"Adventure,Drama,Family",110000000,127,Tim Burton,0,21,68,7.55,Eva Green,0,5,19,6.775,Asa Butterfield,0,5,17,7.175,Samuel L. Jackson,0,36,81,8.225,4.4,410,2,21,3,0,24,375410,1158,13
tt4160708,暫時停止呼吸,暫時停止呼吸/暫停呼吸,Don't Breathe,2016/9/27,USA,7.1,"Crime,Horror,Thriller",9900000,88,Fede Alvarez,0,1,6,6.675,Stephen Lang,0,5,11,6.575,Jane Levy,0,0,2,6.933333333,Dylan Minnette,0,3,6,7.175,4.1,226,1,43,15,1,59,552463,500,49
tt1860357,怒火地平線,怒火地平線,Deepwater Horizon,2016/9/29,"Hong Kong,USA",7.2,"Action,Drama,Thriller",110000000,107,Peter Berg,0,3,16,7.075,Mark Wahlberg,0,20,64,7.825,Kurt Russell,0,6,11,7.55,Douglas M. Griffin,0,0,0,7.025,4,160,1,4,0,0,4,116528,159,14
tt3631112,列車上的女孩,列車上的女孩,The Girl on the Train,2016/10/7,USA,6.5,"Crime,Drama,Mystery",45000000,112,Tate Taylor,0,12,16,6.625,Emily Blunt,0,16,66,7.425,Haley Bennett,0,0,1,6.925,Rebecca Ferguson,0,4,5,6.85,4,122,3,110,42,2,154,159173,265,17
tt4624424,送子鳥,送子鳥,Storks,2016/10/7,USA,6.8,"Animation,Adventure,Comedy",70000000,87,Nicholas Stoller,0,2,7,6.65,Andy Samberg,0,5,28,7.55,Katie Crown,0,0,2,6.575,Kelsey Grammer,0,24,62,7.125,4.3,109,1,7,2,3,12,673374,732,36
tt2404435,絕地7騎士,絕地7騎士/7騎士/七騎士,The Magnificent Seven,2016/10/7,USA,6.9,"Action,Adventure,Western",90000000,132,Antoine Fuqua,0,4,7,7.125,Denzel Washington,0,79,157,7.7,Chris Pratt,0,15,30,7.725,Ethan Hawke,0,22,104,7.9,4.2,206,9,120,37,2,159,64956,84,2
tt3062096,地獄,地獄,Inferno,2016/10/12,"USA,Hungary",6.2,"Action,Adventure,Crime",75000000,121,Ron Howard,0,37,71,7.875,Tom Hanks,0,79,139,7.95,Felicity Jones,0,9,39,7.125,Irrfan Khan,0,16,23,7.475,4.2,278,13,251,121,18,390,250519,262,19
tt2140479,會計師,會計師,The Accountant,2016/10/14,USA,7.4,"Action,Crime,Drama",44000000,128,Gavin O'Connor,0,3,2,7.25,Ben Affleck,0,71,105,7.925,Anna Kendrick,0,14,67,7.075,J.K. Simmons,0,59,34,7.65,4.6,609,4,127,49,4,180,795205,404,16
tt3393786,神隱任務：永不回頭,神隱任務：永不回頭/神隱任務/神務,Jack Reacher: Never Go Back,2016/10/21,"China,USA",6.1,"Action,Adventure,Crime",60000000,118,Edward Zwick,0,22,21,6.975,Tom Cruise,0,49,76,7.15,Cobie Smulders,0,0,1,7.925,Aldis Hodge,0,2,4,7.8,4,289,5,136,50,9,195,593089,500,27
tt4361050,碟仙：惡靈始源,碟仙：惡靈始源/碟仙/惡靈始源,Ouija: Origin of Evil,2016/10/21,"USA,China,Japan",6.1,"Horror,Thriller",9000000,99,Mike Flanagan,0,25,12,6.475,Elizabeth Reaser,0,3,3,5.7,Lulu Wilson,0,0,0,6.225,Annalise Basso,0,0,4,6.875,3.6,92,2,15,6,1,22,188307,162,7
tt1211837,奇異博士,奇異博士,Doctor Strange,2016/10/25,USA,7.5,"Action,Adventure,Fantasy",165000000,115,Scott Derrickson,0,1,5,6.8,Benedict Cumberbatch,0,31,98,7.55,Chiwetel Ejiofor,0,53,74,7.825,Rachel McAdams,0,21,47,7.45,4.5,738,26,731,324,38,1093,930952,2163,71
tt2513074,比利‧林恩的中場戰事,比利‧林恩的中場戰事/比利‧林恩/比利林恩,Billy Lynn's Long Halftime Walk,2016/11/11,"UK,China,USA",6.3,"Drama,War",40000000,113,Ang Lee,0,99,94,7.3,Joe Alwyn,0,0,0,6.3,Garrett Hedlund,0,2,3,7.025,Arturo Castro,0,0,1,6.6,4.1,494,21,439,292,24,755,132331,329,10
tt3183660,怪獸與牠們的產地,怪獸與牠們的產地,Fantastic Beasts and Where to Find Them,2016/11/17,"UK,USA",7.4,"Adventure,Family,Fantasy",180000000,133,David Yates,0,15,18,7.7,Eddie Redmayne,0,21,69,7.45,Katherine Waterston,0,1,10,6.95,Alison Sudol,0,0,0,6.2,4.6,781,10,322,122,9,453,144133,651,3
tt2119532,鋼鐵英雄,鋼鐵英雄,Hacksaw Ridge,2016/11/25,"Australia,USA",8.2,"Biography,Drama,History",40000000,139,Mel Gibson,0,39,39,7.475,Andrew Garfield,0,18,79,7.4,Sam Worthington,0,6,17,6.5,Luke Bracey,0,0,0,6.4,4.7,1010,12,342,297,18,657,445472,1477,28
tt3717252,決戰異世界：弒血之戰,決戰異世界：弒血之戰/決戰異世界/弒血之戰,Underworld: Blood Wars,2016/12/1,USA,5.8,"Action,Adventure,Fantasy",35000000,91,Anna Foerster,0,1,2,6.9,Kate Beckinsale,0,9,32,6.825,Theo James,0,3,7,6.275,Tobias Menzies,0,0,2,7.525,3.9,202,4,101,20,1,122,238166,437,8
tt3783958,樂來越愛你,樂來越愛你/樂來,La La Land,2016/12/9,"USA,Hong Kong",8.1,"Comedy,Drama,Music",30000000,128,Damien Chazelle,0,60,112,7.9,Ryan Gosling,0,32,136,7.775,Emma Stone,0,54,109,7.775,Rosemarie DeWitt,0,8,24,6.675,4.2,487,12,97,44,0,141,589522,654,19
tt3470600,歡樂好聲音,歡樂好聲音,Sing,2016/12/9,"Japan,USA",7.1,"Animation,Comedy,Family",75000000,108,Garth Jennings,0,2,6,7.3,Matthew McConaughey,0,46,79,8.05,Reese Witherspoon,0,52,94,6.875,Seth MacFarlane,0,22,50,6.9,4.4,195,3,14,5,0,19,645637,1588,51
tt3748528,星際大戰外傳：俠盜一號,星際大戰外傳：俠盜一號/星際大戰外傳/俠盜一號,Rogue One,2016/12/14,USA,7.9,"Action,Adventure,Sci-Fi",200000000,133,Gareth Edwards,0,13,12,7.2,Felicity Jones,0,9,39,7.125,Diego Luna,0,15,20,7.35,Alan Tudyk,0,10,14,7.6,4,298,17,394,160,12,566,851568,883,173
tt4682786,最美的安排,最美的安排,Collateral Beauty,2016/12/15,USA,6.8,"Drama,Romance",36000000,97,David Frankel,0,6,6,6.75,Will Smith,0,60,118,7.4,Edward Norton,0,46,77,7.925,Kate Winslet,0,82,154,7.775,4.3,208,3,27,22,0,49,715113,1019,16
tt1355644,星際過客,星際過客,Passengers,2016/12/21,USA,7,"Drama,Sci-Fi,Thriller",110000000,116,Morten Tyldum,0,33,17,7.35,Jennifer Lawrence,0,114,170,7.375,Chris Pratt,0,15,30,7.725,Michael Sheen,0,14,30,7.225,4.3,424,7,138,68,3,209,245675,267,5
tt2094766,刺客教條,刺客教條,Assassin's Creed,2016/12/23,"USA,France,UK,Hong Kong,Taiwan,Malta",5.8,"Action,Adventure,Fantasy",125000000,115,Justin Kurzel,0,7,15,6.275,Michael Fassbender,0,76,136,7.775,Marion Cotillard,0,76,113,8.075,Jeremy Irons,0,28,31,7.3,3.4,343,18,381,220,14,615,578060,4072,27
tt4501244,惱爸偏頭痛,惱爸偏頭痛/偏頭痛/惱爸,Why Him?,2016/12/23,"USA,Cambodia",6.2,Comedy,38000000,111,John Hamburg,0,0,1,6.525,Zoey Deutch,0,1,2,6.825,James Franco,0,36,93,7.2,Tangie Ambrose,0,0,0,7.075,4.2,258,0,0,0,0,0,143004,186,9
tt2034800,長城,長城,The Great Wall,2016/12/30,"USA,China,Hong Kong,Australia,Canada",6,"Action,Adventure,Fantasy",150000000,103,Yimou Zhang,0,61,44,7.125,Matt Damon,0,35,139,8.275,Tian Jing,0,0,0,6.1,Willem Dafoe,0,34,34,7.9,4,724,18,502,275,153,930,895307,796,305
tt4649466,金牌特務,金牌特務/金牌,Kingsman: The Golden Circle,2017/9/20,"UK,USA",7.2,"Action,Adventure,Comedy",104000000,141,Matthew Vaughn,0,5,18,7.725,Taron Egerton,0,1,6,7.35,Colin Firth,0,66,55,7.75,Mark Strong,0,3,7,7.6,4.7,1269,0,0,0,0,0,477359,716,23
